"sound.files","selec","start","end","bottom.freq","top.freq","sound.id"
"200ms_schroeder_master.wav",1,1,2,1.17232545392787,2.56134472270257,"start_marker"
"200ms_schroeder_master.wav",2,2.8,3,0.15,1.20690977515244,"001_f0-200_ncomp-5_neg.wav_1"
"200ms_schroeder_master.wav",3,3.8,4,0.15,1.20690977515244,"002_f0-200_ncomp-5_pos.wav_1"
"200ms_schroeder_master.wav",4,4.8,5,0.15,1.38547780106707,"003_f0-200_ncomp-6_neg.wav_1"
"200ms_schroeder_master.wav",5,5.8,6,0.15,1.38547780106707,"004_f0-200_ncomp-6_pos.wav_1"
"200ms_schroeder_master.wav",6,6.8,7,0.15,1.56404582698171,"005_f0-200_ncomp-7_neg.wav_1"
"200ms_schroeder_master.wav",7,7.8,8,0.15,1.56404582698171,"006_f0-200_ncomp-7_pos.wav_1"
"200ms_schroeder_master.wav",8,8.8,9,0.15,1.83189786585366,"007_f0-200_ncomp-8_neg.wav_1"
"200ms_schroeder_master.wav",9,9.8,10,0.15,1.83189786585366,"008_f0-200_ncomp-8_pos.wav_1"
"200ms_schroeder_master.wav",10,10.8,11,0.15,2.01046589176829,"009_f0-200_ncomp-9_neg.wav_1"
"200ms_schroeder_master.wav",11,11.8,12,0.15,2.01046589176829,"010_f0-200_ncomp-9_pos.wav_1"
"200ms_schroeder_master.wav",12,12.8,13,0.15,2.18903391768293,"011_f0-200_ncomp-10_neg.wav_1"
"200ms_schroeder_master.wav",13,13.8,14,0.15,2.18903391768293,"012_f0-200_ncomp-10_pos.wav_1"
"200ms_schroeder_master.wav",14,14.8,15,0.15,2.45688595655488,"013_f0-200_ncomp-11_neg.wav_1"
"200ms_schroeder_master.wav",15,15.8,16,0.15,2.45688595655488,"014_f0-200_ncomp-11_pos.wav_1"
"200ms_schroeder_master.wav",16,16.8,17,0.15,2.63545398246951,"015_f0-200_ncomp-12_neg.wav_1"
"200ms_schroeder_master.wav",17,17.8,18,0.15,2.63545398246951,"016_f0-200_ncomp-12_pos.wav_1"
"200ms_schroeder_master.wav",18,18.8,19,0.15,2.81402200838415,"017_f0-200_ncomp-13_neg.wav_1"
"200ms_schroeder_master.wav",19,19.8,20,0.15,2.81402200838415,"018_f0-200_ncomp-13_pos.wav_1"
"200ms_schroeder_master.wav",20,20.8,21,0.15,3.0818740472561,"019_f0-200_ncomp-14_neg.wav_1"
"200ms_schroeder_master.wav",21,21.8,22,0.15,3.0818740472561,"020_f0-200_ncomp-14_pos.wav_1"
"200ms_schroeder_master.wav",22,22.8,23,0.15,3.26044207317073,"021_f0-200_ncomp-15_neg.wav_1"
"200ms_schroeder_master.wav",23,23.8,24,0.15,3.26044207317073,"022_f0-200_ncomp-15_pos.wav_1"
"200ms_schroeder_master.wav",24,24.8,25,0.15,3.43901009908537,"023_f0-200_ncomp-16_neg.wav_1"
"200ms_schroeder_master.wav",25,25.8,26,0.15,3.43901009908537,"024_f0-200_ncomp-16_pos.wav_1"
"200ms_schroeder_master.wav",26,26.8,27,0.15,3.70686213795732,"025_f0-200_ncomp-17_neg.wav_1"
"200ms_schroeder_master.wav",27,27.8,28,0.15,3.70686213795732,"026_f0-200_ncomp-17_pos.wav_1"
"200ms_schroeder_master.wav",28,28.8,29,0.15,3.88543016387195,"027_f0-200_ncomp-18_neg.wav_1"
"200ms_schroeder_master.wav",29,29.8,30,0.15,3.88543016387195,"028_f0-200_ncomp-18_pos.wav_1"
"200ms_schroeder_master.wav",30,30.8,31,0.15,4.06399818978658,"029_f0-200_ncomp-19_neg.wav_1"
"200ms_schroeder_master.wav",31,31.8,32,0.15,4.06399818978658,"030_f0-200_ncomp-19_pos.wav_1"
"200ms_schroeder_master.wav",32,32.8,33,0.15,4.33185022865854,"031_f0-200_ncomp-20_neg.wav_1"
"200ms_schroeder_master.wav",33,33.8,34,0.15,4.33185022865854,"032_f0-200_ncomp-20_pos.wav_1"
"200ms_schroeder_master.wav",34,34.8,35,0.15,4.51041825457317,"033_f0-200_ncomp-21_neg.wav_1"
"200ms_schroeder_master.wav",35,35.8,36,0.15,4.51041825457317,"034_f0-200_ncomp-21_pos.wav_1"
"200ms_schroeder_master.wav",36,36.8,37,0.15,4.6889862804878,"035_f0-200_ncomp-22_neg.wav_1"
"200ms_schroeder_master.wav",37,37.8,38,0.15,4.6889862804878,"036_f0-200_ncomp-22_pos.wav_1"
"200ms_schroeder_master.wav",38,38.8,39,0.15,4.95683831935976,"037_f0-200_ncomp-23_neg.wav_1"
"200ms_schroeder_master.wav",39,39.8,40,0.15,4.95683831935976,"038_f0-200_ncomp-23_pos.wav_1"
"200ms_schroeder_master.wav",40,40.8,41,0.15,5.13540634527439,"039_f0-200_ncomp-24_neg.wav_1"
"200ms_schroeder_master.wav",41,41.8,42,0.15,5.13540634527439,"040_f0-200_ncomp-24_pos.wav_1"
"200ms_schroeder_master.wav",42,42.8,43,0.15,5.31397437118902,"041_f0-200_ncomp-25_neg.wav_1"
"200ms_schroeder_master.wav",43,43.8,44,0.15,5.31397437118902,"042_f0-200_ncomp-25_pos.wav_1"
"200ms_schroeder_master.wav",44,44.8,45,0.25,1.74261385289634,"043_f0-300_ncomp-5_neg.wav_1"
"200ms_schroeder_master.wav",45,45.8,46,0.25,1.74261385289634,"044_f0-300_ncomp-5_pos.wav_1"
"200ms_schroeder_master.wav",46,46.8,47,0.25,2.01046589176829,"045_f0-300_ncomp-6_neg.wav_1"
"200ms_schroeder_master.wav",47,47.8,48,0.25,2.01046589176829,"046_f0-300_ncomp-6_pos.wav_1"
"200ms_schroeder_master.wav",48,48.8,49,0.25,2.36760194359756,"047_f0-300_ncomp-7_neg.wav_1"
"200ms_schroeder_master.wav",49,49.8,50,0.25,2.36760194359756,"048_f0-300_ncomp-7_pos.wav_1"
"200ms_schroeder_master.wav",50,50.8,51,0.25,2.63545398246951,"049_f0-300_ncomp-8_neg.wav_1"
"200ms_schroeder_master.wav",51,51.8,52,0.25,2.63545398246951,"050_f0-300_ncomp-8_pos.wav_1"
"200ms_schroeder_master.wav",52,52.8,53,0.25,2.99259003429878,"051_f0-300_ncomp-9_neg.wav_1"
"200ms_schroeder_master.wav",53,53.8,54,0.25,2.99259003429878,"052_f0-300_ncomp-9_pos.wav_1"
"200ms_schroeder_master.wav",54,54.8,55,0.25,3.26044207317073,"053_f0-300_ncomp-10_neg.wav_1"
"200ms_schroeder_master.wav",55,55.8,56,0.25,3.26044207317073,"054_f0-300_ncomp-10_pos.wav_1"
"200ms_schroeder_master.wav",56,56.8,57,0.25,3.617578125,"055_f0-300_ncomp-11_neg.wav_1"
"200ms_schroeder_master.wav",57,57.8,58,0.25,3.617578125,"056_f0-300_ncomp-11_pos.wav_1"
"200ms_schroeder_master.wav",58,58.8,59,0.25,3.88543016387195,"057_f0-300_ncomp-12_neg.wav_1"
"200ms_schroeder_master.wav",59,59.8,60,0.25,3.88543016387195,"058_f0-300_ncomp-12_pos.wav_1"
"200ms_schroeder_master.wav",60,60.8,61,0.25,4.1532822027439,"059_f0-300_ncomp-13_neg.wav_1"
"200ms_schroeder_master.wav",61,61.8,62,0.25,4.1532822027439,"060_f0-300_ncomp-13_pos.wav_1"
"200ms_schroeder_master.wav",62,62.8,63,0.25,4.51041825457317,"061_f0-300_ncomp-14_neg.wav_1"
"200ms_schroeder_master.wav",63,63.8,64,0.25,4.51041825457317,"062_f0-300_ncomp-14_pos.wav_1"
"200ms_schroeder_master.wav",64,64.8,65,0.25,4.77827029344512,"063_f0-300_ncomp-15_neg.wav_1"
"200ms_schroeder_master.wav",65,65.8,66,0.25,4.77827029344512,"064_f0-300_ncomp-15_pos.wav_1"
"200ms_schroeder_master.wav",66,66.8,67,0.25,5.13540634527439,"065_f0-300_ncomp-16_neg.wav_1"
"200ms_schroeder_master.wav",67,67.8,68,0.25,5.13540634527439,"066_f0-300_ncomp-16_pos.wav_1"
"200ms_schroeder_master.wav",68,68.8,69,0.25,5.40325838414634,"067_f0-300_ncomp-17_neg.wav_1"
"200ms_schroeder_master.wav",69,69.8,70,0.25,5.40325838414634,"068_f0-300_ncomp-17_pos.wav_1"
"200ms_schroeder_master.wav",70,70.8,71,0.25,5.76039443597561,"069_f0-300_ncomp-18_neg.wav_1"
"200ms_schroeder_master.wav",71,71.8,72,0.25,5.76039443597561,"070_f0-300_ncomp-18_pos.wav_1"
"200ms_schroeder_master.wav",72,72.8,73,0.25,6.02824647484756,"071_f0-300_ncomp-19_neg.wav_1"
"200ms_schroeder_master.wav",73,73.8,74,0.25,6.02824647484756,"072_f0-300_ncomp-19_pos.wav_1"
"200ms_schroeder_master.wav",74,74.8,75,0.25,6.38538252667683,"073_f0-300_ncomp-20_neg.wav_1"
"200ms_schroeder_master.wav",75,75.8,76,0.25,6.38538252667683,"074_f0-300_ncomp-20_pos.wav_1"
"200ms_schroeder_master.wav",76,76.8,77,0.25,6.65323456554878,"075_f0-300_ncomp-21_neg.wav_1"
"200ms_schroeder_master.wav",77,77.8,78,0.25,6.65323456554878,"076_f0-300_ncomp-21_pos.wav_1"
"200ms_schroeder_master.wav",78,78.8,79,0.25,7.01037061737805,"077_f0-300_ncomp-22_neg.wav_1"
"200ms_schroeder_master.wav",79,79.8,80,0.25,7.01037061737805,"078_f0-300_ncomp-22_pos.wav_1"
"200ms_schroeder_master.wav",80,80.8,81,0.25,7.27822265625,"079_f0-300_ncomp-23_neg.wav_1"
"200ms_schroeder_master.wav",81,81.8,82,0.25,7.27822265625,"080_f0-300_ncomp-23_pos.wav_1"
"200ms_schroeder_master.wav",82,82.8,83,0.25,7.63535870807927,"081_f0-300_ncomp-24_neg.wav_1"
"200ms_schroeder_master.wav",83,83.8,84,0.25,7.63535870807927,"082_f0-300_ncomp-24_pos.wav_1"
"200ms_schroeder_master.wav",84,84.8,85,0.25,7.90321074695122,"083_f0-300_ncomp-25_neg.wav_1"
"200ms_schroeder_master.wav",85,85.8,86,0.25,7.90321074695122,"084_f0-300_ncomp-25_pos.wav_1"
"200ms_schroeder_master.wav",86,86.8,87,0.35,2.18903391768293,"085_f0-400_ncomp-5_neg.wav_1"
"200ms_schroeder_master.wav",87,87.8,88,0.35,2.18903391768293,"086_f0-400_ncomp-5_pos.wav_1"
"200ms_schroeder_master.wav",88,88.8,89,0.35,2.63545398246951,"087_f0-400_ncomp-6_neg.wav_1"
"200ms_schroeder_master.wav",89,89.8,90,0.35,2.63545398246951,"088_f0-400_ncomp-6_pos.wav_1"
"200ms_schroeder_master.wav",90,90.8,91,0.35,3.0818740472561,"089_f0-400_ncomp-7_neg.wav_1"
"200ms_schroeder_master.wav",91,91.8,92,0.35,3.0818740472561,"090_f0-400_ncomp-7_pos.wav_1"
"200ms_schroeder_master.wav",92,92.8,93,0.35,3.43901009908537,"091_f0-400_ncomp-8_neg.wav_1"
"200ms_schroeder_master.wav",93,93.8,94,0.35,3.43901009908537,"092_f0-400_ncomp-8_pos.wav_1"
"200ms_schroeder_master.wav",94,94.8,95,0.35,3.88543016387195,"093_f0-400_ncomp-9_neg.wav_1"
"200ms_schroeder_master.wav",95,95.8,96,0.35,3.88543016387195,"094_f0-400_ncomp-9_pos.wav_1"
"200ms_schroeder_master.wav",96,96.8,97,0.35,4.33185022865854,"095_f0-400_ncomp-10_neg.wav_1"
"200ms_schroeder_master.wav",97,97.8,98,0.35,4.33185022865854,"096_f0-400_ncomp-10_pos.wav_1"
"200ms_schroeder_master.wav",98,98.8,99,0.35,4.6889862804878,"097_f0-400_ncomp-11_neg.wav_1"
"200ms_schroeder_master.wav",99,99.8,100,0.35,4.6889862804878,"098_f0-400_ncomp-11_pos.wav_1"
"200ms_schroeder_master.wav",100,100.8,101,0.35,5.13540634527439,"099_f0-400_ncomp-12_neg.wav_1"
"200ms_schroeder_master.wav",101,101.8,102,0.35,5.13540634527439,"100_f0-400_ncomp-12_pos.wav_1"
"200ms_schroeder_master.wav",102,102.8,103,0.35,5.58182641006097,"101_f0-400_ncomp-13_neg.wav_1"
"200ms_schroeder_master.wav",103,103.8,104,0.35,5.58182641006097,"102_f0-400_ncomp-13_pos.wav_1"
"200ms_schroeder_master.wav",104,104.8,105,0.35,5.93896246189024,"103_f0-400_ncomp-14_neg.wav_1"
"200ms_schroeder_master.wav",105,105.8,106,0.35,5.93896246189024,"104_f0-400_ncomp-14_pos.wav_1"
"200ms_schroeder_master.wav",106,106.8,107,0.35,6.38538252667683,"105_f0-400_ncomp-15_neg.wav_1"
"200ms_schroeder_master.wav",107,107.8,108,0.35,6.38538252667683,"106_f0-400_ncomp-15_pos.wav_1"
"200ms_schroeder_master.wav",108,108.8,109,0.35,6.83180259146341,"107_f0-400_ncomp-16_neg.wav_1"
"200ms_schroeder_master.wav",109,109.8,110,0.35,6.83180259146341,"108_f0-400_ncomp-16_pos.wav_1"
"200ms_schroeder_master.wav",110,110.8,111,0.35,7.18893864329268,"109_f0-400_ncomp-17_neg.wav_1"
"200ms_schroeder_master.wav",111,111.8,112,0.35,7.18893864329268,"110_f0-400_ncomp-17_pos.wav_1"
"200ms_schroeder_master.wav",112,112.8,113,0.35,7.63535870807927,"111_f0-400_ncomp-18_neg.wav_1"
"200ms_schroeder_master.wav",113,113.8,114,0.35,7.63535870807927,"112_f0-400_ncomp-18_pos.wav_1"
"200ms_schroeder_master.wav",114,114.8,115,0.35,8.08177877286585,"113_f0-400_ncomp-19_neg.wav_1"
"200ms_schroeder_master.wav",115,115.8,116,0.35,8.08177877286585,"114_f0-400_ncomp-19_pos.wav_1"
"200ms_schroeder_master.wav",116,116.8,117,0.35,8.43891482469512,"115_f0-400_ncomp-20_neg.wav_1"
"200ms_schroeder_master.wav",117,117.8,118,0.35,8.43891482469512,"116_f0-400_ncomp-20_pos.wav_1"
"200ms_schroeder_master.wav",118,118.8,119,0.35,8.88533488948171,"117_f0-400_ncomp-21_neg.wav_1"
"200ms_schroeder_master.wav",119,119.8,120,0.35,8.88533488948171,"118_f0-400_ncomp-21_pos.wav_1"
"200ms_schroeder_master.wav",120,120.8,121,0.35,9.24247094131097,"119_f0-400_ncomp-22_neg.wav_1"
"200ms_schroeder_master.wav",121,121.8,122,0.35,9.24247094131097,"120_f0-400_ncomp-22_pos.wav_1"
"200ms_schroeder_master.wav",122,122.8,123,0.35,9.68889100609756,"121_f0-400_ncomp-23_neg.wav_1"
"200ms_schroeder_master.wav",123,123.8,124,0.35,9.68889100609756,"122_f0-400_ncomp-23_pos.wav_1"
"200ms_schroeder_master.wav",124,124.8,125,0.35,10.1353110708841,"123_f0-400_ncomp-24_neg.wav_1"
"200ms_schroeder_master.wav",125,125.8,126,0.35,10.1353110708841,"124_f0-400_ncomp-24_pos.wav_1"
"200ms_schroeder_master.wav",126,126.8,127,0.35,10.4924471227134,"125_f0-400_ncomp-25_neg.wav_1"
"200ms_schroeder_master.wav",127,127.8,128,0.35,10.4924471227134,"126_f0-400_ncomp-25_pos.wav_1"
"200ms_schroeder_master.wav",128,128.8,129,0.45,2.72473799542683,"127_f0-500_ncomp-5_neg.wav_1"
"200ms_schroeder_master.wav",129,129.8,130,0.45,2.72473799542683,"128_f0-500_ncomp-5_pos.wav_1"
"200ms_schroeder_master.wav",130,130.8,131,0.45,3.26044207317073,"129_f0-500_ncomp-6_neg.wav_1"
"200ms_schroeder_master.wav",131,131.8,132,0.45,3.26044207317073,"130_f0-500_ncomp-6_pos.wav_1"
"200ms_schroeder_master.wav",132,132.8,133,0.45,3.79614615091463,"131_f0-500_ncomp-7_neg.wav_1"
"200ms_schroeder_master.wav",133,133.8,134,0.45,3.79614615091463,"132_f0-500_ncomp-7_pos.wav_1"
"200ms_schroeder_master.wav",134,134.8,135,0.45,4.33185022865854,"133_f0-500_ncomp-8_neg.wav_1"
"200ms_schroeder_master.wav",135,135.8,136,0.45,4.33185022865854,"134_f0-500_ncomp-8_pos.wav_1"
"200ms_schroeder_master.wav",136,136.8,137,0.45,4.86755430640244,"135_f0-500_ncomp-9_neg.wav_1"
"200ms_schroeder_master.wav",137,137.8,138,0.45,4.86755430640244,"136_f0-500_ncomp-9_pos.wav_1"
"200ms_schroeder_master.wav",138,138.8,139,0.45,5.31397437118902,"137_f0-500_ncomp-10_neg.wav_1"
"200ms_schroeder_master.wav",139,139.8,140,0.45,5.31397437118902,"138_f0-500_ncomp-10_pos.wav_1"
"200ms_schroeder_master.wav",140,140.8,141,0.45,5.84967844893293,"139_f0-500_ncomp-11_neg.wav_1"
"200ms_schroeder_master.wav",141,141.8,142,0.45,5.84967844893293,"140_f0-500_ncomp-11_pos.wav_1"
"200ms_schroeder_master.wav",142,142.8,143,0.45,6.38538252667683,"141_f0-500_ncomp-12_neg.wav_1"
"200ms_schroeder_master.wav",143,143.8,144,0.45,6.38538252667683,"142_f0-500_ncomp-12_pos.wav_1"
"200ms_schroeder_master.wav",144,144.8,145,0.45,6.92108660442073,"143_f0-500_ncomp-13_neg.wav_1"
"200ms_schroeder_master.wav",145,145.8,146,0.45,6.92108660442073,"144_f0-500_ncomp-13_pos.wav_1"
"200ms_schroeder_master.wav",146,146.8,147,0.45,7.45679068216463,"145_f0-500_ncomp-14_neg.wav_1"
"200ms_schroeder_master.wav",147,147.8,148,0.45,7.45679068216463,"146_f0-500_ncomp-14_pos.wav_1"
"200ms_schroeder_master.wav",148,148.8,149,0.45,7.90321074695122,"147_f0-500_ncomp-15_neg.wav_1"
"200ms_schroeder_master.wav",149,149.8,150,0.45,7.90321074695122,"148_f0-500_ncomp-15_pos.wav_1"
"200ms_schroeder_master.wav",150,150.8,151,0.45,8.43891482469512,"149_f0-500_ncomp-16_neg.wav_1"
"200ms_schroeder_master.wav",151,151.8,152,0.45,8.43891482469512,"150_f0-500_ncomp-16_pos.wav_1"
"200ms_schroeder_master.wav",152,152.8,153,0.45,8.97461890243902,"151_f0-500_ncomp-17_neg.wav_1"
"200ms_schroeder_master.wav",153,153.8,154,0.45,8.97461890243902,"152_f0-500_ncomp-17_pos.wav_1"
"200ms_schroeder_master.wav",154,154.8,155,0.45,9.51032298018293,"153_f0-500_ncomp-18_neg.wav_1"
"200ms_schroeder_master.wav",155,155.8,156,0.45,9.51032298018293,"154_f0-500_ncomp-18_pos.wav_1"
"200ms_schroeder_master.wav",156,156.8,157,0.45,10.0460270579268,"155_f0-500_ncomp-19_neg.wav_1"
"200ms_schroeder_master.wav",157,157.8,158,0.45,10.0460270579268,"156_f0-500_ncomp-19_pos.wav_1"
"200ms_schroeder_master.wav",158,158.8,159,0.45,10.4924471227134,"157_f0-500_ncomp-20_neg.wav_1"
"200ms_schroeder_master.wav",159,159.8,160,0.45,10.4924471227134,"158_f0-500_ncomp-20_pos.wav_1"
"200ms_schroeder_master.wav",160,160.8,161,0.45,11.0281512004573,"159_f0-500_ncomp-21_neg.wav_1"
"200ms_schroeder_master.wav",161,161.8,162,0.45,11.0281512004573,"160_f0-500_ncomp-21_pos.wav_1"
"200ms_schroeder_master.wav",162,162.8,163,0.45,11.5638552782012,"161_f0-500_ncomp-22_neg.wav_1"
"200ms_schroeder_master.wav",163,163.8,164,0.45,11.5638552782012,"162_f0-500_ncomp-22_pos.wav_1"
"200ms_schroeder_master.wav",164,164.8,165,0.45,12.0995593559451,"163_f0-500_ncomp-23_neg.wav_1"
"200ms_schroeder_master.wav",165,165.8,166,0.45,12.0995593559451,"164_f0-500_ncomp-23_pos.wav_1"
"200ms_schroeder_master.wav",166,166.8,167,0.45,12.635263433689,"165_f0-500_ncomp-24_neg.wav_1"
"200ms_schroeder_master.wav",167,167.8,168,0.45,12.635263433689,"166_f0-500_ncomp-24_pos.wav_1"
"200ms_schroeder_master.wav",168,168.8,169,0.45,13.0816834984756,"167_f0-500_ncomp-25_neg.wav_1"
"200ms_schroeder_master.wav",169,169.8,170,0.45,13.0816834984756,"168_f0-500_ncomp-25_pos.wav_1"
"200ms_schroeder_master.wav",170,170.8,171,0.55,3.26044207317073,"169_f0-600_ncomp-5_neg.wav_1"
"200ms_schroeder_master.wav",171,171.8,172,0.55,3.26044207317073,"170_f0-600_ncomp-5_pos.wav_1"
"200ms_schroeder_master.wav",172,172.8,173,0.55,3.88543016387195,"171_f0-600_ncomp-6_neg.wav_1"
"200ms_schroeder_master.wav",173,173.8,174,0.55,3.88543016387195,"172_f0-600_ncomp-6_pos.wav_1"
"200ms_schroeder_master.wav",174,174.8,175,0.55,4.51041825457317,"173_f0-600_ncomp-7_neg.wav_1"
"200ms_schroeder_master.wav",175,175.8,176,0.55,4.51041825457317,"174_f0-600_ncomp-7_pos.wav_1"
"200ms_schroeder_master.wav",176,176.8,177,0.55,5.13540634527439,"175_f0-600_ncomp-8_neg.wav_1"
"200ms_schroeder_master.wav",177,177.8,178,0.55,5.13540634527439,"176_f0-600_ncomp-8_pos.wav_1"
"200ms_schroeder_master.wav",178,178.8,179,0.55,5.76039443597561,"177_f0-600_ncomp-9_neg.wav_1"
"200ms_schroeder_master.wav",179,179.8,180,0.55,5.76039443597561,"178_f0-600_ncomp-9_pos.wav_1"
"200ms_schroeder_master.wav",180,180.8,181,0.55,6.38538252667683,"179_f0-600_ncomp-10_neg.wav_1"
"200ms_schroeder_master.wav",181,181.8,182,0.55,6.38538252667683,"180_f0-600_ncomp-10_pos.wav_1"
"200ms_schroeder_master.wav",182,182.8,183,0.55,7.01037061737805,"181_f0-600_ncomp-11_neg.wav_1"
"200ms_schroeder_master.wav",183,183.8,184,0.55,7.01037061737805,"182_f0-600_ncomp-11_pos.wav_1"
"200ms_schroeder_master.wav",184,184.8,185,0.55,7.63535870807927,"183_f0-600_ncomp-12_neg.wav_1"
"200ms_schroeder_master.wav",185,185.8,186,0.55,7.63535870807927,"184_f0-600_ncomp-12_pos.wav_1"
"200ms_schroeder_master.wav",186,186.8,187,0.55,8.26034679878049,"185_f0-600_ncomp-13_neg.wav_1"
"200ms_schroeder_master.wav",187,187.8,188,0.55,8.26034679878049,"186_f0-600_ncomp-13_pos.wav_1"
"200ms_schroeder_master.wav",188,188.8,189,0.55,8.88533488948171,"187_f0-600_ncomp-14_neg.wav_1"
"200ms_schroeder_master.wav",189,189.8,190,0.55,8.88533488948171,"188_f0-600_ncomp-14_pos.wav_1"
"200ms_schroeder_master.wav",190,190.8,191,0.55,9.51032298018293,"189_f0-600_ncomp-15_neg.wav_1"
"200ms_schroeder_master.wav",191,191.8,192,0.55,9.51032298018293,"190_f0-600_ncomp-15_pos.wav_1"
"200ms_schroeder_master.wav",192,192.8,193,0.55,10.1353110708841,"191_f0-600_ncomp-16_neg.wav_1"
"200ms_schroeder_master.wav",193,193.8,194,0.55,10.1353110708841,"192_f0-600_ncomp-16_pos.wav_1"
"200ms_schroeder_master.wav",194,194.8,195,0.55,10.7602991615854,"193_f0-600_ncomp-17_neg.wav_1"
"200ms_schroeder_master.wav",195,195.8,196,0.55,10.7602991615854,"194_f0-600_ncomp-17_pos.wav_1"
"200ms_schroeder_master.wav",196,196.8,197,0.55,11.3852872522866,"195_f0-600_ncomp-18_neg.wav_1"
"200ms_schroeder_master.wav",197,197.8,198,0.55,11.3852872522866,"196_f0-600_ncomp-18_pos.wav_1"
"200ms_schroeder_master.wav",198,198.8,199,0.55,12.0102753429878,"197_f0-600_ncomp-19_neg.wav_1"
"200ms_schroeder_master.wav",199,199.8,200,0.55,12.0102753429878,"198_f0-600_ncomp-19_pos.wav_1"
"200ms_schroeder_master.wav",200,200.8,201,0.55,12.635263433689,"199_f0-600_ncomp-20_neg.wav_1"
"200ms_schroeder_master.wav",201,201.8,202,0.55,12.635263433689,"200_f0-600_ncomp-20_pos.wav_1"
"200ms_schroeder_master.wav",202,202.8,203,0.55,13.2602515243902,"201_f0-600_ncomp-21_neg.wav_1"
"200ms_schroeder_master.wav",203,203.8,204,0.55,13.2602515243902,"202_f0-600_ncomp-21_pos.wav_1"
"200ms_schroeder_master.wav",204,204.8,205,0.55,13.8852396150915,"203_f0-600_ncomp-22_neg.wav_1"
"200ms_schroeder_master.wav",205,205.8,206,0.55,13.8852396150915,"204_f0-600_ncomp-22_pos.wav_1"
"200ms_schroeder_master.wav",206,206.8,207,0.55,14.5102277057927,"205_f0-600_ncomp-23_neg.wav_1"
"200ms_schroeder_master.wav",207,207.8,208,0.55,14.5102277057927,"206_f0-600_ncomp-23_pos.wav_1"
"200ms_schroeder_master.wav",208,208.8,209,0.55,15.0459317835366,"207_f0-600_ncomp-24_neg.wav_1"
"200ms_schroeder_master.wav",209,209.8,210,0.55,15.0459317835366,"208_f0-600_ncomp-24_pos.wav_1"
"200ms_schroeder_master.wav",210,210.8,211,0.55,15.6709198742378,"209_f0-600_ncomp-25_neg.wav_1"
"200ms_schroeder_master.wav",211,211.8,212,0.55,15.6709198742378,"210_f0-600_ncomp-25_pos.wav_1"
"200ms_schroeder_master.wav",212,212.8,213,0.65,3.79614615091463,"211_f0-700_ncomp-5_neg.wav_1"
"200ms_schroeder_master.wav",213,213.8,214,0.65,3.79614615091463,"212_f0-700_ncomp-5_pos.wav_1"
"200ms_schroeder_master.wav",214,214.8,215,0.65,4.51041825457317,"213_f0-700_ncomp-6_neg.wav_1"
"200ms_schroeder_master.wav",215,215.8,216,0.65,4.51041825457317,"214_f0-700_ncomp-6_pos.wav_1"
"200ms_schroeder_master.wav",216,216.8,217,0.65,5.22469035823171,"215_f0-700_ncomp-7_neg.wav_1"
"200ms_schroeder_master.wav",217,217.8,218,0.65,5.22469035823171,"216_f0-700_ncomp-7_pos.wav_1"
"200ms_schroeder_master.wav",218,218.8,219,0.65,5.93896246189024,"217_f0-700_ncomp-8_neg.wav_1"
"200ms_schroeder_master.wav",219,219.8,220,0.65,5.93896246189024,"218_f0-700_ncomp-8_pos.wav_1"
"200ms_schroeder_master.wav",220,220.8,221,0.65,6.65323456554878,"219_f0-700_ncomp-9_neg.wav_1"
"200ms_schroeder_master.wav",221,221.8,222,0.65,6.65323456554878,"220_f0-700_ncomp-9_pos.wav_1"
"200ms_schroeder_master.wav",222,222.8,223,0.65,7.45679068216463,"221_f0-700_ncomp-10_neg.wav_1"
"200ms_schroeder_master.wav",223,223.8,224,0.65,7.45679068216463,"222_f0-700_ncomp-10_pos.wav_1"
"200ms_schroeder_master.wav",224,224.8,225,0.65,8.17106278582317,"223_f0-700_ncomp-11_neg.wav_1"
"200ms_schroeder_master.wav",225,225.8,226,0.65,8.17106278582317,"224_f0-700_ncomp-11_pos.wav_1"
"200ms_schroeder_master.wav",226,226.8,227,0.65,8.88533488948171,"225_f0-700_ncomp-12_neg.wav_1"
"200ms_schroeder_master.wav",227,227.8,228,0.65,8.88533488948171,"226_f0-700_ncomp-12_pos.wav_1"
"200ms_schroeder_master.wav",228,228.8,229,0.65,9.59960699314024,"227_f0-700_ncomp-13_neg.wav_1"
"200ms_schroeder_master.wav",229,229.8,230,0.65,9.59960699314024,"228_f0-700_ncomp-13_pos.wav_1"
"200ms_schroeder_master.wav",230,230.8,231,0.65,10.3138790967988,"229_f0-700_ncomp-14_neg.wav_1"
"200ms_schroeder_master.wav",231,231.8,232,0.65,10.3138790967988,"230_f0-700_ncomp-14_pos.wav_1"
"200ms_schroeder_master.wav",232,232.8,233,0.65,11.0281512004573,"231_f0-700_ncomp-15_neg.wav_1"
"200ms_schroeder_master.wav",233,233.8,234,0.65,11.0281512004573,"232_f0-700_ncomp-15_pos.wav_1"
"200ms_schroeder_master.wav",234,234.8,235,0.65,11.7424233041159,"233_f0-700_ncomp-16_neg.wav_1"
"200ms_schroeder_master.wav",235,235.8,236,0.65,11.7424233041159,"234_f0-700_ncomp-16_pos.wav_1"
"200ms_schroeder_master.wav",236,236.8,237,0.65,12.4566954077744,"235_f0-700_ncomp-17_neg.wav_1"
"200ms_schroeder_master.wav",237,237.8,238,0.65,12.4566954077744,"236_f0-700_ncomp-17_pos.wav_1"
"200ms_schroeder_master.wav",238,238.8,239,0.65,13.2602515243902,"237_f0-700_ncomp-18_neg.wav_1"
"200ms_schroeder_master.wav",239,239.8,240,0.65,13.2602515243902,"238_f0-700_ncomp-18_pos.wav_1"
"200ms_schroeder_master.wav",240,240.8,241,0.65,13.9745236280488,"239_f0-700_ncomp-19_neg.wav_1"
"200ms_schroeder_master.wav",241,241.8,242,0.65,13.9745236280488,"240_f0-700_ncomp-19_pos.wav_1"
"200ms_schroeder_master.wav",242,242.8,243,0.65,14.6887957317073,"241_f0-700_ncomp-20_neg.wav_1"
"200ms_schroeder_master.wav",243,243.8,244,0.65,14.6887957317073,"242_f0-700_ncomp-20_pos.wav_1"
"200ms_schroeder_master.wav",244,244.8,245,0.65,15.4030678353659,"243_f0-700_ncomp-21_neg.wav_1"
"200ms_schroeder_master.wav",245,245.8,246,0.65,15.4030678353659,"244_f0-700_ncomp-21_pos.wav_1"
"200ms_schroeder_master.wav",246,246.8,247,0.65,16.1173399390244,"245_f0-700_ncomp-22_neg.wav_1"
"200ms_schroeder_master.wav",247,247.8,248,0.65,16.1173399390244,"246_f0-700_ncomp-22_pos.wav_1"
"200ms_schroeder_master.wav",248,248.8,249,0.65,16.8316120426829,"247_f0-700_ncomp-23_neg.wav_1"
"200ms_schroeder_master.wav",249,249.8,250,0.65,16.8316120426829,"248_f0-700_ncomp-23_pos.wav_1"
"200ms_schroeder_master.wav",250,250.8,251,0.65,17.5458841463415,"249_f0-700_ncomp-24_neg.wav_1"
"200ms_schroeder_master.wav",251,251.8,252,0.65,17.5458841463415,"250_f0-700_ncomp-24_pos.wav_1"
"200ms_schroeder_master.wav",252,252.8,253,0.65,18.3494402629573,"251_f0-700_ncomp-25_neg.wav_1"
"200ms_schroeder_master.wav",253,253.8,254,0.65,18.3494402629573,"252_f0-700_ncomp-25_pos.wav_1"
"200ms_schroeder_master.wav",254,254.8,255,0.75,4.33185022865854,"253_f0-800_ncomp-5_neg.wav_1"
"200ms_schroeder_master.wav",255,255.8,256,0.75,4.33185022865854,"254_f0-800_ncomp-5_pos.wav_1"
"200ms_schroeder_master.wav",256,256.8,257,0.75,5.13540634527439,"255_f0-800_ncomp-6_neg.wav_1"
"200ms_schroeder_master.wav",257,257.8,258,0.75,5.13540634527439,"256_f0-800_ncomp-6_pos.wav_1"
"200ms_schroeder_master.wav",258,258.8,259,0.75,5.93896246189024,"257_f0-800_ncomp-7_neg.wav_1"
"200ms_schroeder_master.wav",259,259.8,260,0.75,5.93896246189024,"258_f0-800_ncomp-7_pos.wav_1"
"200ms_schroeder_master.wav",260,260.8,261,0.75,6.83180259146341,"259_f0-800_ncomp-8_neg.wav_1"
"200ms_schroeder_master.wav",261,261.8,262,0.75,6.83180259146341,"260_f0-800_ncomp-8_pos.wav_1"
"200ms_schroeder_master.wav",262,262.8,263,0.75,7.72464272103658,"261_f0-800_ncomp-9_neg.wav_1"
"200ms_schroeder_master.wav",263,263.8,264,0.75,7.72464272103658,"262_f0-800_ncomp-9_pos.wav_1"
"200ms_schroeder_master.wav",264,264.8,265,0.75,8.43891482469512,"263_f0-800_ncomp-10_neg.wav_1"
"200ms_schroeder_master.wav",265,265.8,266,0.75,8.43891482469512,"264_f0-800_ncomp-10_pos.wav_1"
"200ms_schroeder_master.wav",266,266.8,267,0.75,9.33175495426829,"265_f0-800_ncomp-11_neg.wav_1"
"200ms_schroeder_master.wav",267,267.8,268,0.75,9.33175495426829,"266_f0-800_ncomp-11_pos.wav_1"
"200ms_schroeder_master.wav",268,268.8,269,0.75,10.1353110708841,"267_f0-800_ncomp-12_neg.wav_1"
"200ms_schroeder_master.wav",269,269.8,270,0.75,10.1353110708841,"268_f0-800_ncomp-12_pos.wav_1"
"200ms_schroeder_master.wav",270,270.8,271,0.75,10.9388671875,"269_f0-800_ncomp-13_neg.wav_1"
"200ms_schroeder_master.wav",271,271.8,272,0.75,10.9388671875,"270_f0-800_ncomp-13_pos.wav_1"
"200ms_schroeder_master.wav",272,272.8,273,0.75,11.7424233041159,"271_f0-800_ncomp-14_neg.wav_1"
"200ms_schroeder_master.wav",273,273.8,274,0.75,11.7424233041159,"272_f0-800_ncomp-14_pos.wav_1"
"200ms_schroeder_master.wav",274,274.8,275,0.75,12.635263433689,"273_f0-800_ncomp-15_neg.wav_1"
"200ms_schroeder_master.wav",275,275.8,276,0.75,12.635263433689,"274_f0-800_ncomp-15_pos.wav_1"
"200ms_schroeder_master.wav",276,276.8,277,0.75,13.5281035632622,"275_f0-800_ncomp-16_neg.wav_1"
"200ms_schroeder_master.wav",277,277.8,278,0.75,13.5281035632622,"276_f0-800_ncomp-16_pos.wav_1"
"200ms_schroeder_master.wav",278,278.8,279,0.75,14.2423756669207,"277_f0-800_ncomp-17_neg.wav_1"
"200ms_schroeder_master.wav",279,279.8,280,0.75,14.2423756669207,"278_f0-800_ncomp-17_pos.wav_1"
"200ms_schroeder_master.wav",280,280.8,281,0.75,15.1352157964939,"279_f0-800_ncomp-18_neg.wav_1"
"200ms_schroeder_master.wav",281,281.8,282,0.75,15.1352157964939,"280_f0-800_ncomp-18_pos.wav_1"
"200ms_schroeder_master.wav",282,282.8,283,0.75,15.9387719131098,"281_f0-800_ncomp-19_neg.wav_1"
"200ms_schroeder_master.wav",283,283.8,284,0.75,15.9387719131098,"282_f0-800_ncomp-19_pos.wav_1"
"200ms_schroeder_master.wav",284,284.8,285,0.75,16.7423280297256,"283_f0-800_ncomp-20_neg.wav_1"
"200ms_schroeder_master.wav",285,285.8,286,0.75,16.7423280297256,"284_f0-800_ncomp-20_pos.wav_1"
"200ms_schroeder_master.wav",286,286.8,287,0.75,17.5458841463415,"285_f0-800_ncomp-21_neg.wav_1"
"200ms_schroeder_master.wav",287,287.8,288,0.75,17.5458841463415,"286_f0-800_ncomp-21_pos.wav_1"
"200ms_schroeder_master.wav",288,288.8,289,0.75,18.4387242759146,"287_f0-800_ncomp-22_neg.wav_1"
"200ms_schroeder_master.wav",289,289.8,290,0.75,18.4387242759146,"288_f0-800_ncomp-22_pos.wav_1"
"200ms_schroeder_master.wav",290,290.8,291,0.75,19.3315644054878,"289_f0-800_ncomp-23_neg.wav_1"
"200ms_schroeder_master.wav",291,291.8,292,0.75,19.3315644054878,"290_f0-800_ncomp-23_pos.wav_1"
"200ms_schroeder_master.wav",292,292.8,293,0.75,20.0458365091463,"291_f0-800_ncomp-24_neg.wav_1"
"200ms_schroeder_master.wav",293,293.8,294,0.75,20.0458365091463,"292_f0-800_ncomp-24_pos.wav_1"
"200ms_schroeder_master.wav",294,294.8,295,0.75,20.9386766387195,"293_f0-800_ncomp-25_neg.wav_1"
"200ms_schroeder_master.wav",295,295.8,296,0.75,20.9386766387195,"294_f0-800_ncomp-25_pos.wav_1"
"200ms_schroeder_master.wav",296,296.8,297.8,1.25913915822628,2.56134472270257,"end_marker"
