"start","end","sound.files","selec"
0.05,0.0549886621315193,"001_f0-200_ncomp-5_neg.wav",1
0.05,0.0549886621315193,"002_f0-200_ncomp-5_pos.wav",2
0.05,0.0549886621315193,"003_f0-200_ncomp-6_neg.wav",3
0.05,0.0549886621315193,"004_f0-200_ncomp-6_pos.wav",4
0.05,0.0549886621315193,"005_f0-200_ncomp-7_neg.wav",5
0.05,0.0549886621315193,"006_f0-200_ncomp-7_pos.wav",6
0.05,0.0549886621315193,"007_f0-200_ncomp-8_neg.wav",7
0.05,0.0549886621315193,"008_f0-200_ncomp-8_pos.wav",8
0.05,0.0549886621315193,"009_f0-200_ncomp-9_neg.wav",9
0.05,0.0549886621315193,"010_f0-200_ncomp-9_pos.wav",10
0.05,0.0549886621315193,"011_f0-200_ncomp-10_neg.wav",11
0.05,0.0549886621315193,"012_f0-200_ncomp-10_pos.wav",12
0.05,0.0549886621315193,"013_f0-200_ncomp-11_neg.wav",13
0.05,0.0549886621315193,"014_f0-200_ncomp-11_pos.wav",14
0.05,0.0549886621315193,"015_f0-200_ncomp-12_neg.wav",15
0.05,0.0549886621315193,"016_f0-200_ncomp-12_pos.wav",16
0.05,0.0549886621315193,"017_f0-200_ncomp-13_neg.wav",17
0.05,0.0549886621315193,"018_f0-200_ncomp-13_pos.wav",18
0.05,0.0549886621315193,"019_f0-200_ncomp-14_neg.wav",19
0.05,0.0549886621315193,"020_f0-200_ncomp-14_pos.wav",20
0.05,0.0549886621315193,"021_f0-200_ncomp-15_neg.wav",21
0.05,0.0549886621315193,"022_f0-200_ncomp-15_pos.wav",22
0.05,0.0549886621315193,"023_f0-200_ncomp-16_neg.wav",23
0.05,0.0549886621315193,"024_f0-200_ncomp-16_pos.wav",24
0.05,0.0549886621315193,"025_f0-200_ncomp-17_neg.wav",25
0.05,0.0549886621315193,"026_f0-200_ncomp-17_pos.wav",26
0.05,0.0549886621315193,"027_f0-200_ncomp-18_neg.wav",27
0.05,0.0549886621315193,"028_f0-200_ncomp-18_pos.wav",28
0.05,0.0549886621315193,"029_f0-200_ncomp-19_neg.wav",29
0.05,0.0549886621315193,"030_f0-200_ncomp-19_pos.wav",30
0.05,0.0549886621315193,"031_f0-200_ncomp-20_neg.wav",31
0.05,0.0549886621315193,"032_f0-200_ncomp-20_pos.wav",32
0.05,0.0549886621315193,"033_f0-200_ncomp-21_neg.wav",33
0.05,0.0549886621315193,"034_f0-200_ncomp-21_pos.wav",34
0.05,0.0549886621315193,"035_f0-200_ncomp-22_neg.wav",35
0.05,0.0549886621315193,"036_f0-200_ncomp-22_pos.wav",36
0.05,0.0549886621315193,"037_f0-200_ncomp-23_neg.wav",37
0.05,0.0549886621315193,"038_f0-200_ncomp-23_pos.wav",38
0.05,0.0549886621315193,"039_f0-200_ncomp-24_neg.wav",39
0.05,0.0549886621315193,"040_f0-200_ncomp-24_pos.wav",40
0.05,0.0549886621315193,"041_f0-200_ncomp-25_neg.wav",41
0.05,0.0549886621315193,"042_f0-200_ncomp-25_pos.wav",42
0.05,0.0533333333333333,"043_f0-300_ncomp-5_neg.wav",43
0.05,0.0533333333333333,"044_f0-300_ncomp-5_pos.wav",44
0.05,0.0533333333333333,"045_f0-300_ncomp-6_neg.wav",45
0.05,0.0533333333333333,"046_f0-300_ncomp-6_pos.wav",46
0.05,0.0533333333333333,"047_f0-300_ncomp-7_neg.wav",47
0.05,0.0533333333333333,"048_f0-300_ncomp-7_pos.wav",48
0.05,0.0533333333333333,"049_f0-300_ncomp-8_neg.wav",49
0.05,0.0533333333333333,"050_f0-300_ncomp-8_pos.wav",50
0.05,0.0533333333333333,"051_f0-300_ncomp-9_neg.wav",51
0.05,0.0533333333333333,"052_f0-300_ncomp-9_pos.wav",52
0.05,0.0533333333333333,"053_f0-300_ncomp-10_neg.wav",53
0.05,0.0533333333333333,"054_f0-300_ncomp-10_pos.wav",54
0.05,0.0533333333333333,"055_f0-300_ncomp-11_neg.wav",55
0.05,0.0533333333333333,"056_f0-300_ncomp-11_pos.wav",56
0.05,0.0533333333333333,"057_f0-300_ncomp-12_neg.wav",57
0.05,0.0533333333333333,"058_f0-300_ncomp-12_pos.wav",58
0.05,0.0533333333333333,"059_f0-300_ncomp-13_neg.wav",59
0.05,0.0533333333333333,"060_f0-300_ncomp-13_pos.wav",60
0.05,0.0533333333333333,"061_f0-300_ncomp-14_neg.wav",61
0.05,0.0533333333333333,"062_f0-300_ncomp-14_pos.wav",62
0.05,0.0533333333333333,"063_f0-300_ncomp-15_neg.wav",63
0.05,0.0533333333333333,"064_f0-300_ncomp-15_pos.wav",64
0.05,0.0533333333333333,"065_f0-300_ncomp-16_neg.wav",65
0.05,0.0533333333333333,"066_f0-300_ncomp-16_pos.wav",66
0.05,0.0533333333333333,"067_f0-300_ncomp-17_neg.wav",67
0.05,0.0533333333333333,"068_f0-300_ncomp-17_pos.wav",68
0.05,0.0533333333333333,"069_f0-300_ncomp-18_neg.wav",69
0.05,0.0533333333333333,"070_f0-300_ncomp-18_pos.wav",70
0.05,0.0533333333333333,"071_f0-300_ncomp-19_neg.wav",71
0.05,0.0533333333333333,"072_f0-300_ncomp-19_pos.wav",72
0.05,0.0533333333333333,"073_f0-300_ncomp-20_neg.wav",73
0.05,0.0533333333333333,"074_f0-300_ncomp-20_pos.wav",74
0.05,0.0533333333333333,"075_f0-300_ncomp-21_neg.wav",75
0.05,0.0533333333333333,"076_f0-300_ncomp-21_pos.wav",76
0.05,0.0533333333333333,"077_f0-300_ncomp-22_neg.wav",77
0.05,0.0533333333333333,"078_f0-300_ncomp-22_pos.wav",78
0.05,0.0533333333333333,"079_f0-300_ncomp-23_neg.wav",79
0.05,0.0533333333333333,"080_f0-300_ncomp-23_pos.wav",80
0.05,0.0533333333333333,"081_f0-300_ncomp-24_neg.wav",81
0.05,0.0533333333333333,"082_f0-300_ncomp-24_pos.wav",82
0.05,0.0533333333333333,"083_f0-300_ncomp-25_neg.wav",83
0.05,0.0533333333333333,"084_f0-300_ncomp-25_pos.wav",84
0.05,0.0524943310657596,"085_f0-400_ncomp-5_neg.wav",85
0.05,0.0524943310657596,"086_f0-400_ncomp-5_pos.wav",86
0.05,0.0524943310657596,"087_f0-400_ncomp-6_neg.wav",87
0.05,0.0524943310657596,"088_f0-400_ncomp-6_pos.wav",88
0.05,0.0524943310657596,"089_f0-400_ncomp-7_neg.wav",89
0.05,0.0524943310657596,"090_f0-400_ncomp-7_pos.wav",90
0.05,0.0524943310657596,"091_f0-400_ncomp-8_neg.wav",91
0.05,0.0524943310657596,"092_f0-400_ncomp-8_pos.wav",92
0.05,0.0524943310657596,"093_f0-400_ncomp-9_neg.wav",93
0.05,0.0524943310657596,"094_f0-400_ncomp-9_pos.wav",94
0.05,0.0524943310657596,"095_f0-400_ncomp-10_neg.wav",95
0.05,0.0524943310657596,"096_f0-400_ncomp-10_pos.wav",96
0.05,0.0524943310657596,"097_f0-400_ncomp-11_neg.wav",97
0.05,0.0524943310657596,"098_f0-400_ncomp-11_pos.wav",98
0.05,0.0524943310657596,"099_f0-400_ncomp-12_neg.wav",99
0.05,0.0524943310657596,"100_f0-400_ncomp-12_pos.wav",100
0.05,0.0524943310657596,"101_f0-400_ncomp-13_neg.wav",101
0.05,0.0524943310657596,"102_f0-400_ncomp-13_pos.wav",102
0.05,0.0524943310657596,"103_f0-400_ncomp-14_neg.wav",103
0.05,0.0524943310657596,"104_f0-400_ncomp-14_pos.wav",104
0.05,0.0524943310657596,"105_f0-400_ncomp-15_neg.wav",105
0.05,0.0524943310657596,"106_f0-400_ncomp-15_pos.wav",106
0.05,0.0524943310657596,"107_f0-400_ncomp-16_neg.wav",107
0.05,0.0524943310657596,"108_f0-400_ncomp-16_pos.wav",108
0.05,0.0524943310657596,"109_f0-400_ncomp-17_neg.wav",109
0.05,0.0524943310657596,"110_f0-400_ncomp-17_pos.wav",110
0.05,0.0524943310657596,"111_f0-400_ncomp-18_neg.wav",111
0.05,0.0524943310657596,"112_f0-400_ncomp-18_pos.wav",112
0.05,0.0524943310657596,"113_f0-400_ncomp-19_neg.wav",113
0.05,0.0524943310657596,"114_f0-400_ncomp-19_pos.wav",114
0.05,0.0524943310657596,"115_f0-400_ncomp-20_neg.wav",115
0.05,0.0524943310657596,"116_f0-400_ncomp-20_pos.wav",116
0.05,0.0524943310657596,"117_f0-400_ncomp-21_neg.wav",117
0.05,0.0524943310657596,"118_f0-400_ncomp-21_pos.wav",118
0.05,0.0524943310657596,"119_f0-400_ncomp-22_neg.wav",119
0.05,0.0524943310657596,"120_f0-400_ncomp-22_pos.wav",120
0.05,0.0524943310657596,"121_f0-400_ncomp-23_neg.wav",121
0.05,0.0524943310657596,"122_f0-400_ncomp-23_pos.wav",122
0.05,0.0524943310657596,"123_f0-400_ncomp-24_neg.wav",123
0.05,0.0524943310657596,"124_f0-400_ncomp-24_pos.wav",124
0.05,0.0524943310657596,"125_f0-400_ncomp-25_neg.wav",125
0.05,0.0524943310657596,"126_f0-400_ncomp-25_pos.wav",126
0.05,0.0519954648526077,"127_f0-500_ncomp-5_neg.wav",127
0.05,0.0519954648526077,"128_f0-500_ncomp-5_pos.wav",128
0.05,0.0519954648526077,"129_f0-500_ncomp-6_neg.wav",129
0.05,0.0519954648526077,"130_f0-500_ncomp-6_pos.wav",130
0.05,0.0519954648526077,"131_f0-500_ncomp-7_neg.wav",131
0.05,0.0519954648526077,"132_f0-500_ncomp-7_pos.wav",132
0.05,0.0519954648526077,"133_f0-500_ncomp-8_neg.wav",133
0.05,0.0519954648526077,"134_f0-500_ncomp-8_pos.wav",134
0.05,0.0519954648526077,"135_f0-500_ncomp-9_neg.wav",135
0.05,0.0519954648526077,"136_f0-500_ncomp-9_pos.wav",136
0.05,0.0519954648526077,"137_f0-500_ncomp-10_neg.wav",137
0.05,0.0519954648526077,"138_f0-500_ncomp-10_pos.wav",138
0.05,0.0519954648526077,"139_f0-500_ncomp-11_neg.wav",139
0.05,0.0519954648526077,"140_f0-500_ncomp-11_pos.wav",140
0.05,0.0519954648526077,"141_f0-500_ncomp-12_neg.wav",141
0.05,0.0519954648526077,"142_f0-500_ncomp-12_pos.wav",142
0.05,0.0519954648526077,"143_f0-500_ncomp-13_neg.wav",143
0.05,0.0519954648526077,"144_f0-500_ncomp-13_pos.wav",144
0.05,0.0519954648526077,"145_f0-500_ncomp-14_neg.wav",145
0.05,0.0519954648526077,"146_f0-500_ncomp-14_pos.wav",146
0.05,0.0519954648526077,"147_f0-500_ncomp-15_neg.wav",147
0.05,0.0519954648526077,"148_f0-500_ncomp-15_pos.wav",148
0.05,0.0519954648526077,"149_f0-500_ncomp-16_neg.wav",149
0.05,0.0519954648526077,"150_f0-500_ncomp-16_pos.wav",150
0.05,0.0519954648526077,"151_f0-500_ncomp-17_neg.wav",151
0.05,0.0519954648526077,"152_f0-500_ncomp-17_pos.wav",152
0.05,0.0519954648526077,"153_f0-500_ncomp-18_neg.wav",153
0.05,0.0519954648526077,"154_f0-500_ncomp-18_pos.wav",154
0.05,0.0519954648526077,"155_f0-500_ncomp-19_neg.wav",155
0.05,0.0519954648526077,"156_f0-500_ncomp-19_pos.wav",156
0.05,0.0519954648526077,"157_f0-500_ncomp-20_neg.wav",157
0.05,0.0519954648526077,"158_f0-500_ncomp-20_pos.wav",158
0.05,0.0519954648526077,"159_f0-500_ncomp-21_neg.wav",159
0.05,0.0519954648526077,"160_f0-500_ncomp-21_pos.wav",160
0.05,0.0519954648526077,"161_f0-500_ncomp-22_neg.wav",161
0.05,0.0519954648526077,"162_f0-500_ncomp-22_pos.wav",162
0.05,0.0519954648526077,"163_f0-500_ncomp-23_neg.wav",163
0.05,0.0519954648526077,"164_f0-500_ncomp-23_pos.wav",164
0.05,0.0519954648526077,"165_f0-500_ncomp-24_neg.wav",165
0.05,0.0519954648526077,"166_f0-500_ncomp-24_pos.wav",166
0.05,0.0519954648526077,"167_f0-500_ncomp-25_neg.wav",167
0.05,0.0519954648526077,"168_f0-500_ncomp-25_pos.wav",168
0.05,0.0516780045351474,"169_f0-600_ncomp-5_neg.wav",169
0.05,0.0516780045351474,"170_f0-600_ncomp-5_pos.wav",170
0.05,0.0516780045351474,"171_f0-600_ncomp-6_neg.wav",171
0.05,0.0516780045351474,"172_f0-600_ncomp-6_pos.wav",172
0.05,0.0516780045351474,"173_f0-600_ncomp-7_neg.wav",173
0.05,0.0516780045351474,"174_f0-600_ncomp-7_pos.wav",174
0.05,0.0516780045351474,"175_f0-600_ncomp-8_neg.wav",175
0.05,0.0516780045351474,"176_f0-600_ncomp-8_pos.wav",176
0.05,0.0516780045351474,"177_f0-600_ncomp-9_neg.wav",177
0.05,0.0516780045351474,"178_f0-600_ncomp-9_pos.wav",178
0.05,0.0516780045351474,"179_f0-600_ncomp-10_neg.wav",179
0.05,0.0516780045351474,"180_f0-600_ncomp-10_pos.wav",180
0.05,0.0516780045351474,"181_f0-600_ncomp-11_neg.wav",181
0.05,0.0516780045351474,"182_f0-600_ncomp-11_pos.wav",182
0.05,0.0516780045351474,"183_f0-600_ncomp-12_neg.wav",183
0.05,0.0516780045351474,"184_f0-600_ncomp-12_pos.wav",184
0.05,0.0516780045351474,"185_f0-600_ncomp-13_neg.wav",185
0.05,0.0516780045351474,"186_f0-600_ncomp-13_pos.wav",186
0.05,0.0516780045351474,"187_f0-600_ncomp-14_neg.wav",187
0.05,0.0516780045351474,"188_f0-600_ncomp-14_pos.wav",188
0.05,0.0516780045351474,"189_f0-600_ncomp-15_neg.wav",189
0.05,0.0516780045351474,"190_f0-600_ncomp-15_pos.wav",190
0.05,0.0516780045351474,"191_f0-600_ncomp-16_neg.wav",191
0.05,0.0516780045351474,"192_f0-600_ncomp-16_pos.wav",192
0.05,0.0516780045351474,"193_f0-600_ncomp-17_neg.wav",193
0.05,0.0516780045351474,"194_f0-600_ncomp-17_pos.wav",194
0.05,0.0516780045351474,"195_f0-600_ncomp-18_neg.wav",195
0.05,0.0516780045351474,"196_f0-600_ncomp-18_pos.wav",196
0.05,0.0516780045351474,"197_f0-600_ncomp-19_neg.wav",197
0.05,0.0516780045351474,"198_f0-600_ncomp-19_pos.wav",198
0.05,0.0516780045351474,"199_f0-600_ncomp-20_neg.wav",199
0.05,0.0516780045351474,"200_f0-600_ncomp-20_pos.wav",200
0.05,0.0516780045351474,"201_f0-600_ncomp-21_neg.wav",201
0.05,0.0516780045351474,"202_f0-600_ncomp-21_pos.wav",202
0.05,0.0516780045351474,"203_f0-600_ncomp-22_neg.wav",203
0.05,0.0516780045351474,"204_f0-600_ncomp-22_pos.wav",204
0.05,0.0516780045351474,"205_f0-600_ncomp-23_neg.wav",205
0.05,0.0516780045351474,"206_f0-600_ncomp-23_pos.wav",206
0.05,0.0516780045351474,"207_f0-600_ncomp-24_neg.wav",207
0.05,0.0516780045351474,"208_f0-600_ncomp-24_pos.wav",208
0.05,0.0516780045351474,"209_f0-600_ncomp-25_neg.wav",209
0.05,0.0516780045351474,"210_f0-600_ncomp-25_pos.wav",210
0.05,0.0514285714285714,"211_f0-700_ncomp-5_neg.wav",211
0.05,0.0514285714285714,"212_f0-700_ncomp-5_pos.wav",212
0.05,0.0514285714285714,"213_f0-700_ncomp-6_neg.wav",213
0.05,0.0514285714285714,"214_f0-700_ncomp-6_pos.wav",214
0.05,0.0514285714285714,"215_f0-700_ncomp-7_neg.wav",215
0.05,0.0514285714285714,"216_f0-700_ncomp-7_pos.wav",216
0.05,0.0514285714285714,"217_f0-700_ncomp-8_neg.wav",217
0.05,0.0514285714285714,"218_f0-700_ncomp-8_pos.wav",218
0.05,0.0514285714285714,"219_f0-700_ncomp-9_neg.wav",219
0.05,0.0514285714285714,"220_f0-700_ncomp-9_pos.wav",220
0.05,0.0514285714285714,"221_f0-700_ncomp-10_neg.wav",221
0.05,0.0514285714285714,"222_f0-700_ncomp-10_pos.wav",222
0.05,0.0514285714285714,"223_f0-700_ncomp-11_neg.wav",223
0.05,0.0514285714285714,"224_f0-700_ncomp-11_pos.wav",224
0.05,0.0514285714285714,"225_f0-700_ncomp-12_neg.wav",225
0.05,0.0514285714285714,"226_f0-700_ncomp-12_pos.wav",226
0.05,0.0514285714285714,"227_f0-700_ncomp-13_neg.wav",227
0.05,0.0514285714285714,"228_f0-700_ncomp-13_pos.wav",228
0.05,0.0514285714285714,"229_f0-700_ncomp-14_neg.wav",229
0.05,0.0514285714285714,"230_f0-700_ncomp-14_pos.wav",230
0.05,0.0514285714285714,"231_f0-700_ncomp-15_neg.wav",231
0.05,0.0514285714285714,"232_f0-700_ncomp-15_pos.wav",232
0.05,0.0514285714285714,"233_f0-700_ncomp-16_neg.wav",233
0.05,0.0514285714285714,"234_f0-700_ncomp-16_pos.wav",234
0.05,0.0514285714285714,"235_f0-700_ncomp-17_neg.wav",235
0.05,0.0514285714285714,"236_f0-700_ncomp-17_pos.wav",236
0.05,0.0514285714285714,"237_f0-700_ncomp-18_neg.wav",237
0.05,0.0514285714285714,"238_f0-700_ncomp-18_pos.wav",238
0.05,0.0514285714285714,"239_f0-700_ncomp-19_neg.wav",239
0.05,0.0514285714285714,"240_f0-700_ncomp-19_pos.wav",240
0.05,0.0514285714285714,"241_f0-700_ncomp-20_neg.wav",241
0.05,0.0514285714285714,"242_f0-700_ncomp-20_pos.wav",242
0.05,0.0514285714285714,"243_f0-700_ncomp-21_neg.wav",243
0.05,0.0514285714285714,"244_f0-700_ncomp-21_pos.wav",244
0.05,0.0514285714285714,"245_f0-700_ncomp-22_neg.wav",245
0.05,0.0514285714285714,"246_f0-700_ncomp-22_pos.wav",246
0.05,0.0514285714285714,"247_f0-700_ncomp-23_neg.wav",247
0.05,0.0514285714285714,"248_f0-700_ncomp-23_pos.wav",248
0.05,0.0514285714285714,"249_f0-700_ncomp-24_neg.wav",249
0.05,0.0514285714285714,"250_f0-700_ncomp-24_pos.wav",250
0.05,0.0514285714285714,"251_f0-700_ncomp-25_neg.wav",251
0.05,0.0514285714285714,"252_f0-700_ncomp-25_pos.wav",252
0.05,0.0512471655328798,"253_f0-800_ncomp-5_neg.wav",253
0.05,0.0512471655328798,"254_f0-800_ncomp-5_pos.wav",254
0.05,0.0512471655328798,"255_f0-800_ncomp-6_neg.wav",255
0.05,0.0512471655328798,"256_f0-800_ncomp-6_pos.wav",256
0.05,0.0512471655328798,"257_f0-800_ncomp-7_neg.wav",257
0.05,0.0512471655328798,"258_f0-800_ncomp-7_pos.wav",258
0.05,0.0512471655328798,"259_f0-800_ncomp-8_neg.wav",259
0.05,0.0512471655328798,"260_f0-800_ncomp-8_pos.wav",260
0.05,0.0512471655328798,"261_f0-800_ncomp-9_neg.wav",261
0.05,0.0512471655328798,"262_f0-800_ncomp-9_pos.wav",262
0.05,0.0512471655328798,"263_f0-800_ncomp-10_neg.wav",263
0.05,0.0512471655328798,"264_f0-800_ncomp-10_pos.wav",264
0.05,0.0512471655328798,"265_f0-800_ncomp-11_neg.wav",265
0.05,0.0512471655328798,"266_f0-800_ncomp-11_pos.wav",266
0.05,0.0512471655328798,"267_f0-800_ncomp-12_neg.wav",267
0.05,0.0512471655328798,"268_f0-800_ncomp-12_pos.wav",268
0.05,0.0512471655328798,"269_f0-800_ncomp-13_neg.wav",269
0.05,0.0512471655328798,"270_f0-800_ncomp-13_pos.wav",270
0.05,0.0512471655328798,"271_f0-800_ncomp-14_neg.wav",271
0.05,0.0512471655328798,"272_f0-800_ncomp-14_pos.wav",272
0.05,0.0512471655328798,"273_f0-800_ncomp-15_neg.wav",273
0.05,0.0512471655328798,"274_f0-800_ncomp-15_pos.wav",274
0.05,0.0512471655328798,"275_f0-800_ncomp-16_neg.wav",275
0.05,0.0512471655328798,"276_f0-800_ncomp-16_pos.wav",276
0.05,0.0512471655328798,"277_f0-800_ncomp-17_neg.wav",277
0.05,0.0512471655328798,"278_f0-800_ncomp-17_pos.wav",278
0.05,0.0512471655328798,"279_f0-800_ncomp-18_neg.wav",279
0.05,0.0512471655328798,"280_f0-800_ncomp-18_pos.wav",280
0.05,0.0512471655328798,"281_f0-800_ncomp-19_neg.wav",281
0.05,0.0512471655328798,"282_f0-800_ncomp-19_pos.wav",282
0.05,0.0512471655328798,"283_f0-800_ncomp-20_neg.wav",283
0.05,0.0512471655328798,"284_f0-800_ncomp-20_pos.wav",284
0.05,0.0512471655328798,"285_f0-800_ncomp-21_neg.wav",285
0.05,0.0512471655328798,"286_f0-800_ncomp-21_pos.wav",286
0.05,0.0512471655328798,"287_f0-800_ncomp-22_neg.wav",287
0.05,0.0512471655328798,"288_f0-800_ncomp-22_pos.wav",288
0.05,0.0512471655328798,"289_f0-800_ncomp-23_neg.wav",289
0.05,0.0512471655328798,"290_f0-800_ncomp-23_pos.wav",290
0.05,0.0512471655328798,"291_f0-800_ncomp-24_neg.wav",291
0.05,0.0512471655328798,"292_f0-800_ncomp-24_pos.wav",292
0.05,0.0512471655328798,"293_f0-800_ncomp-25_neg.wav",293
0.05,0.0512471655328798,"294_f0-800_ncomp-25_pos.wav",294
